Year,Total_Tip_Amount,Total_Amount,Row_Count
2018,190329296.73000002,1665213873.7200003,102103432
2019,182520867.00000003,1576843160.73,83407024
2020,49155714.50999998,416184972.87000006,23519233
2021,68174284.21,551075405.8800001,29035899
2022,102000262.21000001,802907534.35,37778893
2023,129506165.58000004,1034566724.3900002,36511766
